{
   "direction" : 1,
   "flareType" : 1,
   "keybindMenu" : {
      "alt" : false,
      "ctrl" : true,
      "key" : 90,
      "shift" : false
   },
   "lightbarSettings" : {
      "isLightbar" : false,
      "ledOffColor" : {
         "a" : 255,
         "b" : 0,
         "g" : 0,
         "r" : 30
      },
      "ledOnColor" : {
         "a" : 255,
         "b" : 0,
         "g" : 255,
         "r" : 255
      },
      "object_prefix" : "lightbar-led-"
   },
   "name" : "Lightbar - flare and shadow",
   "nearClip" : 0.80000001192092896,
   "offsetId" : 0,
   "patternCycleSteps" : [
      {
         "duration" : 5000,
         "lerpColor" : false,
         "pattern" : "Default 1"
      },
      {
         "duration" : 5000,
         "lerpColor" : false,
         "pattern" : "Default 2"
      },
      {
         "duration" : 5000,
         "lerpColor" : false,
         "pattern" : "Default 3"
      },
      {
         "duration" : 5000,
         "lerpColor" : false,
         "pattern" : "Default 4"
      }
   ],
   "points" : [
      {
         "color" : {
            "a" : 72,
            "b" : 0,
            "g" : 0,
            "r" : 255
         },
         "disabledColor" : {
            "a" : 255,
            "b" : 0,
            "g" : 0,
            "r" : 0
         },
         "name" : "",
         "object" : "",
         "position" : {
            "x" : -0.44999986886978149,
            "y" : 0.0,
            "z" : 0.0
         },
         "rotateObject" : {
            "axis" : 2,
            "rotate" : false,
            "rotateAlways" : false,
            "speed" : 1.0
         },
         "shadow" : {
            "angle" : 180.0,
            "enabled" : true,
            "height" : 3.0,
            "intensity" : 0.33000063896179199,
            "position" : {
               "x" : -0.79999971389770508,
               "y" : 0.0,
               "z" : 0.0
            },
            "rotate" : false,
            "rotateOffsetAngle" : 0.0,
            "rotateOffsetPos" : 0.0,
            "textureIndex" : 3,
            "width" : 3.0
         },
         "sirenPosition" : 0
      },
      {
         "color" : {
            "a" : 72,
            "b" : 255,
            "g" : 0,
            "r" : 0
         },
         "disabledColor" : {
            "a" : 255,
            "b" : 0,
            "g" : 0,
            "r" : 0
         },
         "name" : "",
         "object" : "",
         "position" : {
            "x" : 0.48999983072280884,
            "y" : 0.0,
            "z" : 0.0
         },
         "rotateObject" : {
            "axis" : 2,
            "rotate" : false,
            "rotateAlways" : false,
            "speed" : 1.0
         },
         "shadow" : {
            "angle" : 0.0,
            "enabled" : true,
            "height" : 3.0,
            "intensity" : 0.46500051021575928,
            "position" : {
               "x" : 0.78999954462051392,
               "y" : 0.0,
               "z" : 0.0
            },
            "rotate" : false,
            "rotateOffsetAngle" : 0.0,
            "rotateOffsetPos" : 0.0,
            "textureIndex" : 3,
            "width" : 3.0
         },
         "sirenPosition" : 2
      }
   ],
   "position" : {
      "x" : 0.0,
      "y" : 0.010000014677643776,
      "z" : 1.2400007247924805
   },
   "reflect" : true,
   "reflectionDistance" : 20.0,
   "size" : 0.0,
   "turnOnSiren" : true,
   "type" : 0,
   "usePatternColors" : false
}
