{
   "info_vehicle_id": "Veiculo ID:",
   "info_move_camera": "- Aperte [ALT] para mover a camera",
   "info_hide_samp_chat": "- Aperte [F7] para esconder o chat",
   
   "main_edit_light_groups": "Editar LightGroups",
   "main_edit_patterns": "Editar Patterns",
   "main_language": "Select Language",
   "main_settings": "Opcoes",
   
   "settings_material_ambient": "Material Ambient",
   
   "add": "Adicionar",
   "cancel": "Cancelar",
   "back": "Voltar",
   "delete": "Deletar",
   "clone": "Duplicar",
   "next": "Proximo",
   
   "add_light_group": "Adicionar LightGroup",
   "add_lightbar": "Adicionar Giroflex",
   "edit_light_group": "[ Editar '%s' ]",
   
   "freeze_lights": "Congelar luzes",
   "edit_name": "Editar nome",
   "amount_of_lights": "Quantidade de luzes",
   "lights": "luzes",
   "distance": "Distancia",
   "curve": "Curva",
   "edit_points": "Editar pontos (%d)",
   "edit_patterns": "Editar patterns (%d)",
   "edit_position": "Editar posicao",
   "edit_position_points": "Editar posicao (todos os pontos)",
   "edit_lightbar_settings": "Editar LEDs Giroflex",
   "size": "Tamanho",
   "near_clip": "Near clip",
   "reflect": "Refletir",
   "use_pattern_colors": "Usar cores do padrao de luz",
   "reflection_distance": "Distancia do reflexo",
   "light_direction": "Direcao da luz",
   "light_direction_back": "Tras",
   "light_direction_both": "Todas as direcoes",
   "light_direction_front": "Frente",
   "corona_type": "Tipo da Corona",
   "flare_type": "Tipo do Flare",
   
   "error_need_at_least_one": "Precisa de ao menos 1",
   "error_need_vehicle": "Voce precisa estar em um veiculo",
   
   "edit_point": "[ Editar ponto %s [%d] ]",
   "add_point": "Adicionar ponto",
   
   "siren_position": "Posicao na sirene",
   
   "left": "Esquerda",
   "middle": "Meio",
   "right": "Direita",
   
   "color": "Cor",
   
   "use_custom_color": "Usar cor customizada",
   "custom_color": "Cor customizada",
   "select_object": "Selecionar objeto",
   "disabled_object_color": "Cor desligado (objeto)",
   
   "select_edit_pattern": "[ Pattern: %s, Tempo: %d ]",
   "add_pattern": "Adicionar pattern",
   "select_pattern": "Selecionar pattern",
   "time": "Tempo",
   
   "edit_pattern": "[ Editar '%s' ]",
   
   "edit_pattern_step": "[ Editar - Tempo: %d ]",
   "add_step": "Adicionar step",
   
   "edit_shadow": "Editar sombra",
   "enable_shadow": "Ativar sombra",
   "texture": "Textura",
   "width": "Largura",
   "height": "Comprimento",
   "angle": "Angulo",
   "intensity": "Intensidade",
   "rotate": "Girar",
   "rotate_offset_pos": "Girar - distancia do centro",
   "rotate_offset_angle": "Girar - angulo",
   
   "edit_lightbar_amount_lights": "Quantidade de luzes",
   "edit_lightbar_curve": "Curva",
   "edit_lightbar_distance_lights": "Distancia entre luzes",
   "edit_led_prefix": "Prefix da LED",
   "use_shadow": "Usar shadow",
   "use_lightbar_leds": "Usar LEDs no giroflex",
   "led_on_color": "Cor: LED ON",
   "led_off_color": "Cor: LED OFF",
   
   "lightgroup_keybind": "Tecla para abrir MENU",
   
   "lightgroup_change_pattern": "Mudar padrao de luzes",
   "lightgroup_pause": "Pausar",
   "lightgroup_resume": "Despausar",
   "lightgroup_turn_on": "Ligar luzes",
   "lightgroup_turn_off": "Desligar luzes",
   "pattern_mode": "Pattern mode: ",
   "pattern_mode_auto": "MUDAR SOZINHO",
   "pattern_mode_manual": "MANUAL",
   
   "lightbar_7_lights": "7 luzes",
   "lightbar_10_lights": "10 luzes",
   "lightbar_11_lights": "11 luzes",
   
   "delete_lightgroup_text": "Remover este lightgroup?",
   "delete_lightgroup_confirm": "Sim, remover",
   "delete_lightgroup_cancel": "Nao, cancelar",
   
   "flare_distance": "Flare - distancia",
   "flare_intensity": "Flare - intensidade",
   "use_small_white_corona":  "Usar luz branca por dentro",
   "small_white_corona_type": "Luz branca - tipo",
   "small_white_corona_scale": "Luz branca - tamanho"
}
