{
   "info_vehicle_id": "Vehicle ID:",
   "info_move_camera": "- Press [ALT] to move the camera",
   "info_hide_samp_chat": "- Press [F7] to hide samp chat",
   
   "main_edit_light_groups": "Edit LightGroups",
   "main_edit_patterns": "Edit Patterns",
   "main_language": "Select Language",
   "main_settings": "Settings",
   
   "settings_material_ambient": "Material Ambient",
   "settings_light_id_offset": "Light ID offset",
   
   "add": "Add",
   "cancel": "Cancel",
   "back": "Back",
   "delete": "Delete",
   "clone": "Clone",
   "next": "Next",
   
   "add_light_group": "Add LightGroup",
   "add_position_light_group": "Add Position LightGroup (LEFT, CENTER, RIGHT)",
   "edit_light_group": "[ Edit '%s' ]",
   
   "editing_options": "Editing options",
   "freeze_lights": "Freeze lights",
   "show_current_editing_lightgroup": "Show only this lights",
   
   "edit_name": "Edit name",
   "amount_of_lights": "Amount of lights",
   "lights": "lights",
   "points_position_fixed": "Use fixed point position",
   "distance": "Distance",
   "curve": "Curve",
   "edit_points": "Edit points (%d)",
   "edit_patterns": "Edit patterns (%d)",
   "edit_position": "Edit position",
   "edit_position_points": "Edit position (all points)",
   "edit_lightbar_settings": "Edit lightbar LEDs",
   "size": "Size",
   "near_clip": "Near clip",
   "reflect": "Reflect",
   "reflection_distance": "Reflect - distance",
   "reflection_intensity": "Reflect - intensity",
   "use_pattern_colors": "Use pattern colors",
   "light_direction": "Light direction",
   "light_direction_back": "Back only",
   "light_direction_both": "All directions",
   "light_direction_front": "Front only",
   "corona_type": "Corona Type",
   "flare_type": "Flare Type",
   "lights_always_enabled": "Lights always enabled",
   
   "error_need_at_least_one": "Need at least 1",
   "error_need_vehicle": "You must be in a vehicle",
   
   "edit_point": "[ Edit point %s [%d] ]",
   "add_point": "Add point",
   
   "siren_position": "Siren position",
   
   "left": "Left",
   "middle": "Middle",
   "right": "Right",
   
   "color": "Color",
   
   "use_custom_color": "Use custom color",
   "custom_color": "Custom color",
   "select_object": "Select object",
   "disabled_object_color": "Disabled color (for object)",
   "use_custom_enabled_color": "Use custom color - enabled (for object)",
   "enabled_object_color": "Enabled color (for object)",
   
   "select_edit_pattern": "[ Pattern: %s, Duration: %d ]",
   "add_pattern": "Add pattern",
   "select_pattern": "Add pattern",
   "time": "Time",
   
   "edit_pattern": "[ Edit '%s' ]",
   
   "edit_pattern_step": "[ Edit - Time: %d ]",
   "add_step": "Add step",
   
   "edit_shadow": "Edit shadow",
   "enable_shadow": "Enable shadow",
   "texture": "Texture",
   "width": "Width",
   "height": "Height",
   "angle": "Angle",
   "intensity": "Intensity",
   "rotate": "Rotate",
   "rotate_offset_pos": "Rotate - center offset",
   "rotate_offset_angle": "Rotate - offset angle",
   
   "edit_lightbar_amount_lights": "Amount of lights",
   "edit_lightbar_curve": "Curve",
   "edit_lightbar_distance_lights": "Distance between lights",
   "edit_led_prefix": "LED prefix",
   "use_shadow": "Use shadow",
   "use_lightbar_leds": "Use lightbar LEDs",
   "led_on_color": "LED ON color",
   "led_off_color": "LED OFF color",
   
   "lightgroup_keybind": "Key to open MENU",
   
   "lightgroup_change_pattern": "Change pattern",
   "lightgroup_pause": "Pause",
   "lightgroup_resume": "Resume",
   "lightgroup_turn_on": "Turn lights ON",
   "lightgroup_turn_off": "Turn lights OFF",
   "pattern_mode": "Pattern mode: ",
   "pattern_mode_auto": "AUTO CHANGE",
   "pattern_mode_manual": "MANUAL",
   
   "lightbar_7_lights": "7 lights",
   "lightbar_10_lights": "10 lights",
   "lightbar_11_lights": "11 lights",
   
   "delete_lightgroup_text": "Delete this lightgroup?",
   "delete_lightgroup_confirm": "Yes, delete",
   "delete_lightgroup_cancel": "No, cancel",
   
   "flare_distance": "Flare distance",
   "flare_intensity": "Flare intensity",
   "use_small_white_corona":  "Use white corona",
   "small_white_corona_type": "White corona type",
   "small_white_corona_scale": "White corona scale"
}
