{
   "steps" : [
      {
         "data" : [ 1, 0 ],
         "duration" : 200
      },
      {
         "data" : [ 0, 0 ],
         "duration" : 200
      },
      {
         "data" : [ 1, 0 ],
         "duration" : 200
      },
      {
         "data" : [ 0, 0 ],
         "duration" : 200
      },
      {
         "data" : [ 0, 1 ],
         "duration" : 200
      },
      {
         "data" : [ 0, 0 ],
         "duration" : 200
      },
      {
         "data" : [ 0, 1 ],
         "duration" : 200
      },
      {
         "data" : [ 0, 0 ],
         "duration" : 200
      }
   ]
}
