{
	"name": "Lightbar [10 lights] 4",
	"steps": [
		{"duration": 100, "values": [1, 1, 1, 1, 1, 1, 1, 1, 1, 1] },
		{"duration": 100, "values": [0, 0, 0, 0, 0, 0, 0, 0, 0, 0] },
		{"duration": 100, "values": [1, 1, 1, 1, 1, 1, 1, 1, 1, 1] },
		{"duration": 200, "values": [0, 0, 0, 0, 0, 0, 0, 0, 0, 0] },
		{"duration": 100, "values": [1, 1, 1, 1, 1, 0, 0, 0, 0, 0] },
		{"duration": 100, "values": [0, 0, 0, 0, 0, 0, 0, 0, 0, 0] },
		{"duration": 100, "values": [1, 1, 1, 1, 1, 0, 0, 0, 0, 0] },
		{"duration": 100, "values": [0, 0, 0, 0, 0, 0, 0, 0, 0, 0] },
		{"duration": 100, "values": [0, 0, 0, 0, 0, 1, 1, 1, 1, 1] },
		{"duration": 100, "values": [0, 0, 0, 0, 0, 0, 0, 0, 0, 0] },
		{"duration": 100, "values": [0, 0, 0, 0, 0, 1, 1, 1, 1, 1] },
		{"duration": 100, "values": [0, 0, 0, 0, 0, 0, 0, 0, 0, 0] }
	]
}