{
	"name": "Lightbar [7 lights] 1",
	"steps": [
		{"duration": 100, "values": [0, 0, 0, 0, 0, 0, 0] },
		{"duration": 100, "values": [1, 0, 0, 0, 0, 0, 0] },
		{"duration": 100, "values": [1, 1, 0, 0, 0, 0, 0] },
		{"duration": 100, "values": [0, 1, 1, 0, 0, 0, 0] },
		{"duration": 100, "values": [1, 1, 0, 0, 0, 0, 0] },
		{"duration": 100, "values": [1, 0, 0, 0, 0, 0, 0] },
		{"duration": 100, "values": [0, 0, 0, 0, 0, 0, 1] },
		{"duration": 100, "values": [0, 0, 0, 0, 0, 1, 1] },
		{"duration": 100, "values": [0, 0, 0, 0, 1, 1, 0] },
		{"duration": 100, "values": [0, 0, 0, 0, 0, 1, 1] },
		{"duration": 100, "values": [0, 0, 0, 0, 0, 0, 1] }
	]
}