{
   "alwaysEnabled" : false,
   "color1" : {
      "a" : 255,
      "b" : 0,
      "g" : 0,
      "r" : 255
   },
   "color2" : {
      "a" : 255,
      "b" : 255,
      "g" : 0,
      "r" : 0
   },
   "color3" : {
      "a" : 255,
      "b" : 255,
      "g" : 255,
      "r" : 255
   },
   "curve" : 0.0,
   "direction" : 1,
   "distance" : 0.0,
   "flareDistance" : 3.490032434463501,
   "flareIntensity" : 0.22499996423721313,
   "flareType" : 0,
   "freezeLights" : false,
   "isPositionLightGroup" : false,
   "keybindMenu" : {
      "alt" : false,
      "ctrl" : true,
      "key" : 90,
      "shift" : false
   },
   "lightbarSettings" : {
      "ledOffColor" : {
         "a" : 255,
         "b" : 0,
         "g" : 0,
         "r" : 30
      },
      "ledOnColor" : {
         "a" : 255,
         "b" : 0,
         "g" : 255,
         "r" : 255
      },
      "object_prefix" : "lightbar-led-",
      "useLightbarLeds" : false
   },
   "name" : "Lightbar - shadow",
   "nearClip" : 0.80000001192092896,
   "patternCycleSteps" : [
      {
         "duration" : 7000,
         "lerpColor" : false,
         "pattern" : "4_lights-1"
      },
      {
         "duration" : 7000,
         "lerpColor" : false,
         "pattern" : "4_lights-2"
      },
      {
         "duration" : 7000,
         "lerpColor" : false,
         "pattern" : "4_lights-3"
      },
      {
         "duration" : 7000,
         "lerpColor" : false,
         "pattern" : "4_lights-4"
      },
      {
         "duration" : 7000,
         "lerpColor" : false,
         "pattern" : "4_lights-5"
      }
   ],
   "patternOffset" : 0,
   "points" : [
      {
         "customColor" : {
            "a" : 255,
            "b" : 0,
            "g" : 255,
            "r" : 255
         },
         "disabledColor" : {
            "a" : 255,
            "b" : 0,
            "g" : 0,
            "r" : 0
         },
         "enabledColor" : {
            "a" : 255,
            "b" : 255,
            "g" : 255,
            "r" : 255
         },
         "name" : "",
         "object" : "",
         "position" : {
            "x" : -0.44999986886978149,
            "y" : 0.0,
            "z" : 0.0
         },
         "rotateObject" : {
            "axis" : 2,
            "rotate" : false,
            "rotateAlways" : false,
            "speed" : 1.0
         },
         "shadow" : {
            "angle" : 180.0,
            "enabled" : true,
            "height" : 3.0,
            "intensity" : 0.33000063896179199,
            "position" : {
               "x" : -0.79999971389770508,
               "y" : 0.0,
               "z" : 0.0
            },
            "rotate" : false,
            "rotateOffsetAngle" : 0.0,
            "rotateOffsetPos" : 0.0,
            "textureIndex" : 3,
            "width" : 3.0
         },
         "sirenPosition" : 0,
         "useCustomColor" : false,
         "useCustomEnabledColor" : false
      },
      {
         "customColor" : {
            "a" : 255,
            "b" : 0,
            "g" : 255,
            "r" : 255
         },
         "disabledColor" : {
            "a" : 255,
            "b" : 0,
            "g" : 0,
            "r" : 0
         },
         "enabledColor" : {
            "a" : 255,
            "b" : 255,
            "g" : 255,
            "r" : 255
         },
         "name" : "",
         "object" : "",
         "position" : {
            "x" : 0.48999983072280884,
            "y" : 0.0,
            "z" : 0.0
         },
         "rotateObject" : {
            "axis" : 2,
            "rotate" : false,
            "rotateAlways" : false,
            "speed" : 1.0
         },
         "shadow" : {
            "angle" : 0.0,
            "enabled" : false,
            "height" : 3.0,
            "intensity" : 0.46500051021575928,
            "position" : {
               "x" : 0.78999954462051392,
               "y" : 0.0,
               "z" : 0.0
            },
            "rotate" : false,
            "rotateOffsetAngle" : 0.0,
            "rotateOffsetPos" : 0.0,
            "textureIndex" : 3,
            "width" : 3.0
         },
         "sirenPosition" : 0,
         "useCustomColor" : false,
         "useCustomEnabledColor" : false
      },
      {
         "customColor" : {
            "a" : 255,
            "b" : 0,
            "g" : 255,
            "r" : 255
         },
         "disabledColor" : {
            "a" : 255,
            "b" : 0,
            "g" : 0,
            "r" : 0
         },
         "enabledColor" : {
            "a" : 255,
            "b" : 255,
            "g" : 255,
            "r" : 255
         },
         "name" : "",
         "object" : "",
         "position" : {
            "x" : 0.0,
            "y" : 0.0,
            "z" : 0.0
         },
         "rotateObject" : {
            "axis" : 2,
            "rotate" : false,
            "rotateAlways" : false,
            "speed" : 1.0
         },
         "shadow" : {
            "angle" : 0.0,
            "enabled" : false,
            "height" : 3.0,
            "intensity" : 1.0,
            "position" : {
               "x" : 0.0,
               "y" : 0.0,
               "z" : 0.0
            },
            "rotate" : false,
            "rotateOffsetAngle" : 0.0,
            "rotateOffsetPos" : 0.0,
            "textureIndex" : 0,
            "width" : 3.0
         },
         "sirenPosition" : 0,
         "useCustomColor" : false,
         "useCustomEnabledColor" : false
      },
      {
         "customColor" : {
            "a" : 255,
            "b" : 0,
            "g" : 255,
            "r" : 255
         },
         "disabledColor" : {
            "a" : 255,
            "b" : 0,
            "g" : 0,
            "r" : 0
         },
         "enabledColor" : {
            "a" : 255,
            "b" : 255,
            "g" : 255,
            "r" : 255
         },
         "name" : "",
         "object" : "",
         "position" : {
            "x" : 0.0,
            "y" : 0.0,
            "z" : 0.0
         },
         "rotateObject" : {
            "axis" : 2,
            "rotate" : false,
            "rotateAlways" : false,
            "speed" : 1.0
         },
         "shadow" : {
            "angle" : 0.0,
            "enabled" : true,
            "height" : 3.0,
            "intensity" : 0.31000065803527832,
            "position" : {
               "x" : 1.2799910306930542,
               "y" : 0.0,
               "z" : 0.0
            },
            "rotate" : false,
            "rotateOffsetAngle" : 0.0,
            "rotateOffsetPos" : 0.0,
            "textureIndex" : 3,
            "width" : 3.0
         },
         "sirenPosition" : 0,
         "useCustomColor" : false,
         "useCustomEnabledColor" : false
      }
   ],
   "pointsPositionFixed" : false,
   "position" : {
      "x" : 0.0,
      "y" : -0.36999991536140442,
      "z" : 1.0600008964538574
   },
   "reflect" : false,
   "reflectionDistance" : 20.800003051757812,
   "reflectionIntensity" : 0.5,
   "size" : 0.0,
   "smallWhiteCoronaScale" : 0.40000000596046448,
   "smallWhiteCoronaType" : 0,
   "turnOnSiren" : true,
   "type" : 0,
   "usePatternColors" : false,
   "useSmallWhiteCorona" : true,
   "version" : "2.7"
}
