{
   "direction" : 1,
   "flareType" : 0,
   "keybindMenu" : {
      "alt" : false,
      "ctrl" : true,
      "key" : 90,
      "shift" : false
   },
   "lightbarSettings" : {
      "isLightbar" : false,
      "ledOffColor" : {
         "a" : 255,
         "b" : 0,
         "g" : 0,
         "r" : 30
      },
      "ledOnColor" : {
         "a" : 255,
         "b" : 0,
         "g" : 255,
         "r" : 255
      },
      "object_prefix" : "lightbar-led-"
   },
   "name" : "Lightbar",
   "nearClip" : 0.42000037431716919,
   "offsetId" : 0,
   "patternCycleSteps" : [
      {
         "duration" : 5000,
         "lerpColor" : false,
         "pattern" : "Default 1"
      },
      {
         "duration" : 5000,
         "lerpColor" : false,
         "pattern" : "Default 2"
      },
      {
         "duration" : 5000,
         "lerpColor" : false,
         "pattern" : "Default 3"
      },
      {
         "duration" : 5000,
         "lerpColor" : false,
         "pattern" : "Default 4"
      }
   ],
   "points" : [
      {
         "color" : {
            "a" : 255,
            "b" : 0,
            "g" : 0,
            "r" : 255
         },
         "disabledColor" : {
            "a" : 255,
            "b" : 0,
            "g" : 0,
            "r" : 0
         },
         "name" : "",
         "object" : "",
         "position" : {
            "x" : -0.31000000238418579,
            "y" : 0.0,
            "z" : 0.0
         },
         "rotateObject" : {
            "axis" : 2,
            "rotate" : false,
            "rotateAlways" : false,
            "speed" : 1.0
         },
         "shadow" : {
            "angle" : 0.0,
            "enabled" : false,
            "height" : 3.0,
            "intensity" : 1.0,
            "position" : {
               "x" : 0.0,
               "y" : 0.0,
               "z" : 0.0
            },
            "rotate" : false,
            "rotateOffsetAngle" : 0.0,
            "rotateOffsetPos" : 0.0,
            "textureIndex" : 0,
            "width" : 3.0
         },
         "sirenPosition" : 0
      },
      {
         "color" : {
            "a" : 255,
            "b" : 255,
            "g" : 0,
            "r" : 0
         },
         "disabledColor" : {
            "a" : 255,
            "b" : 0,
            "g" : 0,
            "r" : 0
         },
         "name" : "",
         "object" : "",
         "position" : {
            "x" : 0.30000001192092896,
            "y" : 0.0,
            "z" : 0.0
         },
         "rotateObject" : {
            "axis" : 2,
            "rotate" : false,
            "rotateAlways" : false,
            "speed" : 1.0
         },
         "shadow" : {
            "angle" : 0.0,
            "enabled" : false,
            "height" : 3.0,
            "intensity" : 1.0,
            "position" : {
               "x" : 0.0,
               "y" : 0.0,
               "z" : 0.0
            },
            "rotate" : false,
            "rotateOffsetAngle" : 0.0,
            "rotateOffsetPos" : 0.0,
            "textureIndex" : 0,
            "width" : 3.0
         },
         "sirenPosition" : 2
      },
      {
         "color" : {
            "a" : 255,
            "b" : 255,
            "g" : 0,
            "r" : 0
         },
         "disabledColor" : {
            "a" : 255,
            "b" : 0,
            "g" : 0,
            "r" : 0
         },
         "name" : "",
         "object" : "",
         "position" : {
            "x" : 0.61999970674514771,
            "y" : 0.0,
            "z" : 0.0
         },
         "rotateObject" : {
            "axis" : 2,
            "rotate" : false,
            "rotateAlways" : false,
            "speed" : 1.0
         },
         "shadow" : {
            "angle" : 0.0,
            "enabled" : false,
            "height" : 3.0,
            "intensity" : 1.0,
            "position" : {
               "x" : 0.0,
               "y" : 0.0,
               "z" : 0.0
            },
            "rotate" : false,
            "rotateOffsetAngle" : 0.0,
            "rotateOffsetPos" : 0.0,
            "textureIndex" : 0,
            "width" : 3.0
         },
         "sirenPosition" : 2
      },
      {
         "color" : {
            "a" : 255,
            "b" : 0,
            "g" : 0,
            "r" : 255
         },
         "disabledColor" : {
            "a" : 255,
            "b" : 0,
            "g" : 0,
            "r" : 0
         },
         "name" : "",
         "object" : "",
         "position" : {
            "x" : -0.64999967813491821,
            "y" : 0.0,
            "z" : 0.0
         },
         "rotateObject" : {
            "axis" : 2,
            "rotate" : false,
            "rotateAlways" : false,
            "speed" : 1.0
         },
         "shadow" : {
            "angle" : 0.0,
            "enabled" : false,
            "height" : 3.0,
            "intensity" : 1.0,
            "position" : {
               "x" : 0.0,
               "y" : 0.0,
               "z" : 0.0
            },
            "rotate" : false,
            "rotateOffsetAngle" : 0.0,
            "rotateOffsetPos" : 0.0,
            "textureIndex" : 0,
            "width" : 3.0
         },
         "sirenPosition" : 0
      }
   ],
   "position" : {
      "x" : 0.0,
      "y" : -0.38999989628791809,
      "z" : 0.91000103950500488
   },
   "reflect" : false,
   "reflectionDistance" : 20.0,
   "size" : 0.46499976515769958,
   "turnOnSiren" : true,
   "type" : 0,
   "usePatternColors" : false
}
